customer_id,name,customer_type,city,state,region
1,Customer_1,Residential,Hyderabad,Telangana,South
2,Customer_2,Residential,Hyderabad,Telangana,South
3,Customer_3,Residential,Mumbai,Maharashtra,West
4,Customer_4,Residential,Delhi,Delhi,North
5,Customer_5,Residential,Hyderabad,Telangana,South
6,Customer_6,Residential,Delhi,Delhi,North
7,Customer_7,Residential,Mumbai,Maharashtra,West
8,Customer_8,Residential,Mumbai,Maharashtra,West
9,Customer_9,Residential,Hyderabad,telangana,South
10,Customer_10,Residential,Mumbai,Maharashtra,West
11,Customer_11,Residential,Chennai,Tamil Nadu,South
12,Customer_12,Residential,Delhi,Delhi,North
13,Customer_13,Residential,,Maharashtra,West
14,Customer_14,Residential,Chennai,Tamil Nadu,South
15,Customer_15,Residential,Delhi,Delhi,North
16,Customer_16,Residential,Chennai,tamil nadu,South
17,Customer_17,Residential,Delhi,Delhi,North
18,Customer_18,Commercial,Hyderabad,Telangana,South
19,Customer_19,Residential,Mumbai,Maharashtra,West
20,Customer_20,Commercial,Chennai,Tamil Nadu,South
21,Customer_21,Residential,Mumbai,Maharashtra,West
22,Customer_22,Residential,Hyderabad,Telangana,South
23,Customer_23,Residential,Chennai,Tamil Nadu,South
24,Customer_24,Residential,Chennai,Tamil Nadu,South
25,Customer_25,Residential,Delhi,Delhi,North
26,Customer_26,Commercial,Chennai,tamil nadu,South
27,Customer_27,Residential,Chennai,Tamil Nadu,South
28,Customer_28,Residential,Mumbai,Maharashtra,West
29,Customer_29,Residential,Hyderabad,Telangana,South
30,Customer_30,Commercial,Mumbai,Maharashtra,West
31,Customer_31,Residential,Mumbai,Maharashtra,West
32,Customer_32,Commercial,Chennai,Tamil Nadu,South
33,Customer_33,Residential,Hyderabad,Telangana,South
34,Customer_34,Residential,Mumbai,Maharashtra,West
35,Customer_35,Residential,Mumbai,Maharashtra,West
36,Customer_36,Commercial,Chennai,Tamil Nadu,South
37,Customer_37,Residential,Bangalore,Karnataka,South
38,Customer_38,Residential,Hyderabad,Telangana,South
39,Customer_39,Residential,Bangalore,Karnataka,South
40,Customer_40,Residential,Chennai,Tamil Nadu,South
41,Customer_41,Residential,Delhi,Delhi,North
42,Customer_42,Residential,Delhi,Delhi,North
43,Customer_43,Residential,Delhi,Delhi,North
44,Customer_44,Residential,Mumbai,Maharashtra,West
45,Customer_45,Residential,Bangalore,Karnataka,South
46,Customer_46,Residential,Mumbai,Maharashtra,West
47,Customer_47,Residential,Hyderabad,Telangana,South
48,Customer_48,Residential,Delhi,Delhi,North
49,Customer_49,Residential,Delhi,Delhi,North
50,Customer_50,Residential,Delhi,Delhi,North
51,Customer_51,Residential,Mumbai,maharashtra,West
52,Customer_52,Residential,,Delhi,North
53,Customer_53,Residential,Mumbai,Maharashtra,West
54,Customer_54,Residential,Hyderabad,Telangana,South
55,Customer_55,Residential,Bangalore,Karnataka,South
56,Customer_56,Residential,Chennai,tamil nadu,South
57,Customer_57,Commercial,Hyderabad,Telangana,South
58,Customer_58,Residential,Hyderabad,Telangana,South
59,Customer_59,Residential,Delhi,Delhi,North
60,Customer_60,Residential,Chennai,Tamil Nadu,South
61,Customer_61,Commercial,Hyderabad,Telangana,South
62,Customer_62,Residential,Hyderabad,Telangana,South
63,Customer_63,Commercial,Chennai,Tamil Nadu,South
64,Customer_64,Residential,Chennai,Tamil Nadu,South
65,Customer_65,Commercial,Delhi,Delhi,North
66,Customer_66,Residential,,Tamil Nadu,South
67,Customer_67,Residential,Bangalore,Karnataka,South
68,Customer_68,Residential,Delhi,Delhi,North
69,Customer_69,Residential,Chennai,Tamil Nadu,South
70,Customer_70,Residential,Delhi,Delhi,North
71,Customer_71,Residential,Delhi,Delhi,North
72,Customer_72,Residential,Hyderabad,Telangana,South
73,Customer_73,Residential,Mumbai,Maharashtra,West
74,Customer_74,Residential,Delhi,Delhi,North
75,Customer_75,Residential,Bangalore,Karnataka,South
76,Customer_76,Residential,Bangalore,Karnataka,South
77,Customer_77,Residential,Chennai,Tamil Nadu,South
78,Customer_78,Residential,Mumbai,Maharashtra,West
79,Customer_79,Residential,Hyderabad,Telangana,South
80,Customer_80,Residential,Bangalore,Karnataka,South
81,Customer_81,Residential,Mumbai,Maharashtra,West
82,Customer_82,Residential,Hyderabad,Telangana,South
83,Customer_83,Residential,Bangalore,Karnataka,South
84,Customer_84,Residential,Mumbai,Maharashtra,West
85,Customer_85,Residential,Mumbai,Maharashtra,West
86,Customer_86,Commercial,Chennai,Tamil Nadu,South
87,Customer_87,Residential,Delhi,Delhi,North
88,Customer_88,Residential,Hyderabad,Telangana,South
89,Customer_89,Residential,Delhi,Delhi,North
90,Customer_90,Commercial,,Karnataka,South
91,Customer_91,Residential,Delhi,Delhi,North
92,Customer_92,Residential,Hyderabad,Telangana,South
93,Customer_93,Commercial,Chennai,Tamil Nadu,South
94,Customer_94,Residential,Delhi,Delhi,North
95,Customer_95,Residential,Delhi,Delhi,North
96,Customer_96,Residential,,Tamil Nadu,South
97,Customer_97,Commercial,Mumbai,Maharashtra,West
98,Customer_98,Commercial,Delhi,Delhi,North
99,Customer_99,Residential,Bangalore,Karnataka,South
100,Customer_100,Residential,Mumbai,Maharashtra,West
15,Customer_15,Residential,Delhi,Delhi,North
35,Customer_35,Residential,Mumbai,Maharashtra,West
31,Customer_31,Residential,Mumbai,Maharashtra,West
79,Customer_79,Residential,Hyderabad,Telangana,South
17,Customer_17,Residential,Delhi,Delhi,North
